<?xml version="1.0" encoding="UTF-8"?>
<project-private xmlns="http://www.netbeans.org/ns/project-private/1">
    <editor-bookmarks xmlns="http://www.netbeans.org/ns/editor-bookmarks/2" lastBookmarkId="0"/>
    <open-files xmlns="http://www.netbeans.org/ns/projectui-open-files/2">
        <group>
            <file>file:/Users/zainali/Desktop/JAVA%20PROGRAMS/com.mycompany.personspecter/src/com/mycompany/personspecter/Database.java</file>
            <file>file:/Users/zainali/Desktop/JAVA%20PROGRAMS/com.mycompany.personspecter/src/com/mycompany/personspecter/JFrame3.java</file>
            <file>file:/Users/zainali/Desktop/JAVA%20PROGRAMS/com.mycompany.personspecter/src/com/mycompany/personspecter/JFrame2.java</file>
            <file>file:/Users/zainali/Desktop/JAVA%20PROGRAMS/com.mycompany.personspecter/src/com/mycompany/personspecter/JFrame1.java</file>
            <file>file:/Users/zainali/Desktop/JAVA%20PROGRAMS/com.mycompany.personspecter/src/com/mycompany/personspecter/ComMycompanyPersonspecter.java</file>
            <file>file:/Users/zainali/Desktop/JAVA%20PROGRAMS/com.mycompany.personspecter/src/com/mycompany/personspecter/JFrame0.java</file>
            <file>file:/Users/zainali/Desktop/JAVA%20PROGRAMS/com.mycompany.personspecter/src/com/mycompany/personspecter/JFrame4.java</file>
        </group>
    </open-files>
</project-private>
